period,flat_type_normalised,median_monthly_rent,record_count
2021-02-01,1 ROOM,1100.00,1
2021-03-01,1 ROOM,1400.00,1
2021-05-01,1 ROOM,1225.00,2
2021-06-01,1 ROOM,1500.00,1
2021-08-01,1 ROOM,1400.00,1
2021-11-01,1 ROOM,825.00,2
2021-12-01,1 ROOM,1300.00,1
2022-02-01,1 ROOM,1300.00,1
2022-03-01,1 ROOM,1275.00,2
2022-04-01,1 ROOM,1650.00,2
2022-05-01,1 ROOM,1225.00,2
2022-06-01,1 ROOM,1000.00,1
2022-09-01,1 ROOM,1600.00,2
2022-11-01,1 ROOM,2000.00,1
2023-01-01,1 ROOM,1900.00,1
2023-02-01,1 ROOM,2000.00,1
2023-03-01,1 ROOM,1700.00,1
2023-04-01,1 ROOM,1000.00,1
2023-06-01,1 ROOM,2000.00,3
2023-10-01,1 ROOM,2100.00,1
2023-12-01,1 ROOM,1900.00,1
2024-02-01,1 ROOM,800.00,3
2024-03-01,1 ROOM,1300.00,1
2024-04-01,1 ROOM,1600.00,4
2024-06-01,1 ROOM,2150.00,1
2024-07-01,1 ROOM,1100.00,1
2024-09-01,1 ROOM,1650.00,2
2024-10-01,1 ROOM,2000.00,1
2024-11-01,1 ROOM,1950.00,2
2025-01-01,1 ROOM,1600.00,1
2025-02-01,1 ROOM,2000.00,1
2025-03-01,1 ROOM,1800.00,2
2025-05-01,1 ROOM,1900.00,1
2025-06-01,1 ROOM,1325.00,1
2025-08-01,1 ROOM,2450.00,2
2025-11-01,1 ROOM,2000.00,1
2026-02-01,1 ROOM,2000.00,1
2026-03-01,1 ROOM,2000.00,1
2026-04-01,1 ROOM,2000.00,3
2026-06-01,1 ROOM,1475.00,2
2021-01-01,2 ROOM,1500.00,51
2021-02-01,2 ROOM,1390.00,34
2021-03-01,2 ROOM,1500.00,48
2021-04-01,2 ROOM,1450.00,45
2021-05-01,2 ROOM,1425.00,46
2021-06-01,2 ROOM,1500.00,46
2021-07-01,2 ROOM,1500.00,42
2021-08-01,2 ROOM,1500.00,56
2021-09-01,2 ROOM,1500.00,50
2021-10-01,2 ROOM,1575.00,54
2021-11-01,2 ROOM,1600.00,43
2021-12-01,2 ROOM,1600.00,44
2022-01-01,2 ROOM,1600.00,44
2022-02-01,2 ROOM,1500.00,32
2022-03-01,2 ROOM,1600.00,66
2022-04-01,2 ROOM,1500.00,50
2022-05-01,2 ROOM,1775.00,38
2022-06-01,2 ROOM,1750.00,46
2022-07-01,2 ROOM,1800.00,51
2022-08-01,2 ROOM,1790.00,56
2022-09-01,2 ROOM,1900.00,57
2022-10-01,2 ROOM,2000.00,65
2022-11-01,2 ROOM,2100.00,61
2022-12-01,2 ROOM,2175.00,46
2023-01-01,2 ROOM,2225.00,40
2023-02-01,2 ROOM,2200.00,60
2023-03-01,2 ROOM,2200.00,74
2023-04-01,2 ROOM,2300.00,51
2023-05-01,2 ROOM,2400.00,72
2023-06-01,2 ROOM,2388.00,79
2023-07-01,2 ROOM,2475.00,68
2023-08-01,2 ROOM,2300.00,91
2023-09-01,2 ROOM,2200.00,79
2023-10-01,2 ROOM,2300.00,84
2023-11-01,2 ROOM,2300.00,68
2023-12-01,2 ROOM,2200.00,79
2024-01-01,2 ROOM,2400.00,74
2024-02-01,2 ROOM,2300.00,62
2024-03-01,2 ROOM,2300.00,86
2024-04-01,2 ROOM,2300.00,89
2024-05-01,2 ROOM,2300.00,71
2024-06-01,2 ROOM,2300.00,81
2024-07-01,2 ROOM,2300.00,87
2024-08-01,2 ROOM,2300.00,72
2024-09-01,2 ROOM,2300.00,87
2024-10-01,2 ROOM,2300.00,87
2024-11-01,2 ROOM,2300.00,79
2024-12-01,2 ROOM,2300.00,79
2025-01-01,2 ROOM,2300.00,78
2025-02-01,2 ROOM,2350.00,89
2025-03-01,2 ROOM,2300.00,98
2025-04-01,2 ROOM,2400.00,78
2025-05-01,2 ROOM,2300.00,97
2025-06-01,2 ROOM,2400.00,94
2025-07-01,2 ROOM,2300.00,99
2025-08-01,2 ROOM,2300.00,96
2025-09-01,2 ROOM,2325.00,98
2025-10-01,2 ROOM,2300.00,102
2025-11-01,2 ROOM,2300.00,99
2025-12-01,2 ROOM,2400.00,84
2026-01-01,2 ROOM,2350.00,84
2026-02-01,2 ROOM,2300.00,81
2026-03-01,2 ROOM,2350.00,105
2026-04-01,2 ROOM,2400.00,97
2026-05-01,2 ROOM,2400.00,92
2026-06-01,2 ROOM,2312.50,86
2021-01-01,3 ROOM,1800.00,1043
2021-02-01,3 ROOM,1800.00,904
2021-03-01,3 ROOM,1800.00,1184
2021-04-01,3 ROOM,1800.00,978
2021-05-01,3 ROOM,1800.00,1127
2021-06-01,3 ROOM,1850.00,1108
2021-07-01,3 ROOM,1900.00,1058
2021-08-01,3 ROOM,1900.00,1064
2021-09-01,3 ROOM,1900.00,1030
2021-10-01,3 ROOM,1900.00,990
2021-11-01,3 ROOM,1940.00,987
2021-12-01,3 ROOM,2000.00,1047
2022-01-01,3 ROOM,2000.00,1131
2022-02-01,3 ROOM,2000.00,879
2022-03-01,3 ROOM,2000.00,1109
2022-04-01,3 ROOM,2000.00,903
2022-05-01,3 ROOM,2100.00,1010
2022-06-01,3 ROOM,2100.00,942
2022-07-01,3 ROOM,2200.00,928
2022-08-01,3 ROOM,2300.00,829
2022-09-01,3 ROOM,2300.00,772
2022-10-01,3 ROOM,2400.00,839
2022-11-01,3 ROOM,2500.00,834
2022-12-01,3 ROOM,2500.00,897
2023-01-01,3 ROOM,2500.00,907
2023-02-01,3 ROOM,2600.00,981
2023-03-01,3 ROOM,2600.00,1095
2023-04-01,3 ROOM,2700.00,1019
2023-05-01,3 ROOM,2600.00,987
2023-06-01,3 ROOM,2800.00,1032
2023-07-01,3 ROOM,2800.00,1112
2023-08-01,3 ROOM,2800.00,951
2023-09-01,3 ROOM,2721.50,910
2023-10-01,3 ROOM,2800.00,1030
2023-11-01,3 ROOM,2800.00,962
2023-12-01,3 ROOM,2800.00,1015
2024-01-01,3 ROOM,2750.00,1079
2024-02-01,3 ROOM,2800.00,882
2024-03-01,3 ROOM,2800.00,1080
2024-04-01,3 ROOM,2800.00,1056
2024-05-01,3 ROOM,2800.00,1036
2024-06-01,3 ROOM,2800.00,1060
2024-07-01,3 ROOM,2800.00,1082
2024-08-01,3 ROOM,2800.00,1004
2024-09-01,3 ROOM,2800.00,887
2024-10-01,3 ROOM,2800.00,922
2024-11-01,3 ROOM,2800.00,898
2024-12-01,3 ROOM,2800.00,1045
2025-01-01,3 ROOM,2800.00,962
2025-02-01,3 ROOM,2800.00,1066
2025-03-01,3 ROOM,2800.00,1113
2025-04-01,3 ROOM,2800.00,1111
2025-05-01,3 ROOM,2800.00,1148
2025-06-01,3 ROOM,2800.00,1101
2025-07-01,3 ROOM,2800.00,1168
2025-08-01,3 ROOM,2800.00,1001
2025-09-01,3 ROOM,2800.00,1024
2025-10-01,3 ROOM,2800.00,996
2025-11-01,3 ROOM,2800.00,989
2025-12-01,3 ROOM,2800.00,1055
2026-01-01,3 ROOM,2800.00,1105
2026-02-01,3 ROOM,2800.00,874
2026-03-01,3 ROOM,2850.00,1124
2026-04-01,3 ROOM,2850.00,1069
2026-05-01,3 ROOM,2900.00,1028
2026-06-01,3 ROOM,2800.00,999
2021-01-01,4 ROOM,2100.00,1132
2021-02-01,4 ROOM,2050.00,947
2021-03-01,4 ROOM,2100.00,1375
2021-04-01,4 ROOM,2100.00,1112
2021-05-01,4 ROOM,2100.00,1310
2021-06-01,4 ROOM,2200.00,1156
2021-07-01,4 ROOM,2200.00,1190
2021-08-01,4 ROOM,2200.00,1090
2021-09-01,4 ROOM,2200.00,1115
2021-10-01,4 ROOM,2200.00,1180
2021-11-01,4 ROOM,2250.00,1032
2021-12-01,4 ROOM,2250.00,1181
2022-01-01,4 ROOM,2300.00,1208
2022-02-01,4 ROOM,2300.00,957
2022-03-01,4 ROOM,2300.00,1132
2022-04-01,4 ROOM,2340.00,956
2022-05-01,4 ROOM,2500.00,1064
2022-06-01,4 ROOM,2600.00,1028
2022-07-01,4 ROOM,2600.00,1009
2022-08-01,4 ROOM,2700.00,891
2022-09-01,4 ROOM,2700.00,914
2022-10-01,4 ROOM,2900.00,973
2022-11-01,4 ROOM,3000.00,923
2022-12-01,4 ROOM,3000.00,1048
2023-01-01,4 ROOM,3000.00,940
2023-02-01,4 ROOM,3000.00,1090
2023-03-01,4 ROOM,3000.00,1187
2023-04-01,4 ROOM,3200.00,1109
2023-05-01,4 ROOM,3200.00,1116
2023-06-01,4 ROOM,3300.00,1123
2023-07-01,4 ROOM,3300.00,1218
2023-08-01,4 ROOM,3300.00,1135
2023-09-01,4 ROOM,3200.00,1041
2023-10-01,4 ROOM,3200.00,1126
2023-11-01,4 ROOM,3300.00,1116
2023-12-01,4 ROOM,3300.00,1109
2024-01-01,4 ROOM,3300.00,1229
2024-02-01,4 ROOM,3200.00,994
2024-03-01,4 ROOM,3300.00,1127
2024-04-01,4 ROOM,3300.00,1214
2024-05-01,4 ROOM,3300.00,1176
2024-06-01,4 ROOM,3300.00,1123
2024-07-01,4 ROOM,3300.00,1196
2024-08-01,4 ROOM,3200.00,1085
2024-09-01,4 ROOM,3300.00,1032
2024-10-01,4 ROOM,3300.00,1010
2024-11-01,4 ROOM,3300.00,1051
2024-12-01,4 ROOM,3300.00,1127
2025-01-01,4 ROOM,3300.00,1091
2025-02-01,4 ROOM,3300.00,1082
2025-03-01,4 ROOM,3300.00,1305
2025-04-01,4 ROOM,3300.00,1155
2025-05-01,4 ROOM,3300.00,1176
2025-06-01,4 ROOM,3300.00,1244
2025-07-01,4 ROOM,3400.00,1385
2025-08-01,4 ROOM,3300.00,1181
2025-09-01,4 ROOM,3300.00,1064
2025-10-01,4 ROOM,3300.00,1154
2025-11-01,4 ROOM,3300.00,1123
2025-12-01,4 ROOM,3300.00,1153
2026-01-01,4 ROOM,3300.00,1161
2026-02-01,4 ROOM,3300.00,943
2026-03-01,4 ROOM,3300.00,1283
2026-04-01,4 ROOM,3350.00,1127
2026-05-01,4 ROOM,3400.00,1154
2026-06-01,4 ROOM,3400.00,1125
2021-01-01,5 ROOM,2200.00,813
2021-02-01,5 ROOM,2200.00,694
2021-03-01,5 ROOM,2200.00,989
2021-04-01,5 ROOM,2200.00,789
2021-05-01,5 ROOM,2250.00,914
2021-06-01,5 ROOM,2300.00,818
2021-07-01,5 ROOM,2300.00,770
2021-08-01,5 ROOM,2300.00,781
2021-09-01,5 ROOM,2300.00,706
2021-10-01,5 ROOM,2300.00,764
2021-11-01,5 ROOM,2350.00,753
2021-12-01,5 ROOM,2400.00,812
2022-01-01,5 ROOM,2400.00,803
2022-02-01,5 ROOM,2455.00,684
2022-03-01,5 ROOM,2500.00,842
2022-04-01,5 ROOM,2500.00,644
2022-05-01,5 ROOM,2600.00,671
2022-06-01,5 ROOM,2700.00,701
2022-07-01,5 ROOM,2725.00,598
2022-08-01,5 ROOM,2800.00,598
2022-09-01,5 ROOM,2900.00,571
2022-10-01,5 ROOM,3000.00,582
2022-11-01,5 ROOM,3100.00,643
2022-12-01,5 ROOM,3300.00,633
2023-01-01,5 ROOM,3225.00,670
2023-02-01,5 ROOM,3400.00,733
2023-03-01,5 ROOM,3300.00,776
2023-04-01,5 ROOM,3500.00,725
2023-05-01,5 ROOM,3400.00,748
2023-06-01,5 ROOM,3400.00,709
2023-07-01,5 ROOM,3500.00,768
2023-08-01,5 ROOM,3500.00,724
2023-09-01,5 ROOM,3500.00,651
2023-10-01,5 ROOM,3500.00,729
2023-11-01,5 ROOM,3500.00,712
2023-12-01,5 ROOM,3500.00,737
2024-01-01,5 ROOM,3400.00,723
2024-02-01,5 ROOM,3500.00,655
2024-03-01,5 ROOM,3500.00,826
2024-04-01,5 ROOM,3400.00,715
2024-05-01,5 ROOM,3500.00,704
2024-06-01,5 ROOM,3500.00,693
2024-07-01,5 ROOM,3500.00,811
2024-08-01,5 ROOM,3450.00,643
2024-09-01,5 ROOM,3500.00,639
2024-10-01,5 ROOM,3500.00,619
2024-11-01,5 ROOM,3400.00,644
2024-12-01,5 ROOM,3500.00,612
2025-01-01,5 ROOM,3475.00,688
2025-02-01,5 ROOM,3500.00,735
2025-03-01,5 ROOM,3500.00,839
2025-04-01,5 ROOM,3500.00,720
2025-05-01,5 ROOM,3500.00,833
2025-06-01,5 ROOM,3500.00,786
2025-07-01,5 ROOM,3500.00,858
2025-08-01,5 ROOM,3500.00,768
2025-09-01,5 ROOM,3500.00,739
2025-10-01,5 ROOM,3500.00,683
2025-11-01,5 ROOM,3500.00,710
2025-12-01,5 ROOM,3500.00,720
2026-01-01,5 ROOM,3500.00,744
2026-02-01,5 ROOM,3500.00,620
2026-03-01,5 ROOM,3500.00,827
2026-04-01,5 ROOM,3500.00,696
2026-05-01,5 ROOM,3500.00,713
2026-06-01,5 ROOM,3600.00,703
2021-01-01,EXECUTIVE,2300.00,199
2021-02-01,EXECUTIVE,2300.00,201
2021-03-01,EXECUTIVE,2300.00,229
2021-04-01,EXECUTIVE,2300.00,189
2021-05-01,EXECUTIVE,2300.00,195
2021-06-01,EXECUTIVE,2300.00,207
2021-07-01,EXECUTIVE,2300.00,213
2021-08-01,EXECUTIVE,2400.00,178
2021-09-01,EXECUTIVE,2400.00,198
2021-10-01,EXECUTIVE,2450.00,208
2021-11-01,EXECUTIVE,2300.00,182
2021-12-01,EXECUTIVE,2425.00,172
2022-01-01,EXECUTIVE,2450.00,193
2022-02-01,EXECUTIVE,2500.00,172
2022-03-01,EXECUTIVE,2600.00,162
2022-04-01,EXECUTIVE,2600.00,156
2022-05-01,EXECUTIVE,2650.00,161
2022-06-01,EXECUTIVE,2700.00,152
2022-07-01,EXECUTIVE,2700.00,143
2022-08-01,EXECUTIVE,3000.00,119
2022-09-01,EXECUTIVE,3000.00,131
2022-10-01,EXECUTIVE,3200.00,163
2022-11-01,EXECUTIVE,3200.00,148
2022-12-01,EXECUTIVE,3100.00,143
2023-01-01,EXECUTIVE,3250.00,146
2023-02-01,EXECUTIVE,3400.00,192
2023-03-01,EXECUTIVE,3500.00,175
2023-04-01,EXECUTIVE,3400.00,161
2023-05-01,EXECUTIVE,3600.00,162
2023-06-01,EXECUTIVE,3600.00,193
2023-07-01,EXECUTIVE,3600.00,163
2023-08-01,EXECUTIVE,3500.00,172
2023-09-01,EXECUTIVE,3500.00,141
2023-10-01,EXECUTIVE,3600.00,170
2023-11-01,EXECUTIVE,3600.00,177
2023-12-01,EXECUTIVE,3600.00,156
2024-01-01,EXECUTIVE,3500.00,186
2024-02-01,EXECUTIVE,3600.00,150
2024-03-01,EXECUTIVE,3600.00,155
2024-04-01,EXECUTIVE,3600.00,168
2024-05-01,EXECUTIVE,3600.00,151
2024-06-01,EXECUTIVE,3600.00,175
2024-07-01,EXECUTIVE,3800.00,181
2024-08-01,EXECUTIVE,3800.00,147
2024-09-01,EXECUTIVE,3700.00,146
2024-10-01,EXECUTIVE,3700.00,122
2024-11-01,EXECUTIVE,3600.00,141
2024-12-01,EXECUTIVE,3600.00,138
2025-01-01,EXECUTIVE,3800.00,150
2025-02-01,EXECUTIVE,3600.00,172
2025-03-01,EXECUTIVE,3700.00,188
2025-04-01,EXECUTIVE,3650.00,169
2025-05-01,EXECUTIVE,3700.00,173
2025-06-01,EXECUTIVE,3700.00,185
2025-07-01,EXECUTIVE,3800.00,202
2025-08-01,EXECUTIVE,3700.00,151
2025-09-01,EXECUTIVE,3700.00,159
2025-10-01,EXECUTIVE,3800.00,170
2025-11-01,EXECUTIVE,3700.00,176
2025-12-01,EXECUTIVE,3700.00,156
2026-01-01,EXECUTIVE,3600.00,183
2026-02-01,EXECUTIVE,3800.00,121
2026-03-01,EXECUTIVE,3600.00,152
2026-04-01,EXECUTIVE,3775.00,142
2026-05-01,EXECUTIVE,3800.00,150
2026-06-01,EXECUTIVE,3800.00,175
