period,flat_type_normalised,median_resale_price,record_count
2017-03-01,1 ROOM,209000.00,2
2017-05-01,1 ROOM,217000.00,1
2017-07-01,1 ROOM,189000.00,2
2017-08-01,1 ROOM,190000.00,1
2017-09-01,1 ROOM,197500.00,2
2017-11-01,1 ROOM,210000.00,1
2018-02-01,1 ROOM,232000.00,1
2018-06-01,1 ROOM,180000.00,3
2018-07-01,1 ROOM,188000.00,1
2018-08-01,1 ROOM,174000.00,2
2018-11-01,1 ROOM,174000.00,2
2019-01-01,1 ROOM,172000.00,1
2019-02-01,1 ROOM,182500.00,2
2019-03-01,1 ROOM,172000.00,3
2019-04-01,1 ROOM,173268.00,1
2019-05-01,1 ROOM,183000.00,3
2019-09-01,1 ROOM,165000.00,1
2020-02-01,1 ROOM,157000.00,1
2020-03-01,1 ROOM,162500.00,2
2020-05-01,1 ROOM,165000.00,1
2020-06-01,1 ROOM,192500.00,2
2020-07-01,1 ROOM,186500.00,2
2020-11-01,1 ROOM,197500.00,2
2021-01-01,1 ROOM,182000.00,1
2021-02-01,1 ROOM,192500.00,2
2021-03-01,1 ROOM,194000.00,2
2021-04-01,1 ROOM,205000.00,1
2021-05-01,1 ROOM,190000.00,1
2021-06-01,1 ROOM,205000.00,1
2021-07-01,1 ROOM,220000.00,1
2022-03-01,1 ROOM,215000.00,2
2022-05-01,1 ROOM,228500.00,2
2022-06-01,1 ROOM,248000.00,1
2022-07-01,1 ROOM,235000.00,3
2022-11-01,1 ROOM,233888.00,1
2022-12-01,1 ROOM,235000.00,1
2023-03-01,1 ROOM,237000.00,1
2023-04-01,1 ROOM,240000.00,1
2023-05-01,1 ROOM,251000.00,1
2023-10-01,1 ROOM,236000.00,2
2023-11-01,1 ROOM,258000.00,1
2024-03-01,1 ROOM,230000.00,1
2024-04-01,1 ROOM,235000.00,2
2024-05-01,1 ROOM,242000.00,1
2024-07-01,1 ROOM,245000.00,1
2024-08-01,1 ROOM,255000.00,1
2024-11-01,1 ROOM,268000.00,3
2024-12-01,1 ROOM,265000.00,2
2025-02-01,1 ROOM,260000.00,1
2025-04-01,1 ROOM,270000.00,1
2025-06-01,1 ROOM,272000.00,1
2025-08-01,1 ROOM,270000.00,1
2025-10-01,1 ROOM,268888.00,1
2026-01-01,1 ROOM,275000.00,1
2026-02-01,1 ROOM,238888.00,1
2026-04-01,1 ROOM,267500.00,2
2026-05-01,1 ROOM,270000.00,1
2026-06-01,1 ROOM,251500.00,2
2017-01-01,2 ROOM,239000.00,18
2017-02-01,2 ROOM,238000.00,15
2017-03-01,2 ROOM,255500.00,16
2017-04-01,2 ROOM,235000.00,19
2017-05-01,2 ROOM,249000.00,18
2017-06-01,2 ROOM,242000.00,24
2017-07-01,2 ROOM,240000.00,24
2017-08-01,2 ROOM,237500.00,22
2017-09-01,2 ROOM,237500.00,14
2017-10-01,2 ROOM,225000.00,9
2017-11-01,2 ROOM,223998.00,25
2017-12-01,2 ROOM,250000.00,15
2018-01-01,2 ROOM,230000.00,15
2018-02-01,2 ROOM,225434.00,14
2018-03-01,2 ROOM,235000.00,23
2018-04-01,2 ROOM,228000.00,21
2018-05-01,2 ROOM,229000.00,24
2018-06-01,2 ROOM,240000.00,31
2018-07-01,2 ROOM,238500.00,30
2018-08-01,2 ROOM,230000.00,34
2018-09-01,2 ROOM,230000.00,23
2018-10-01,2 ROOM,235000.00,22
2018-11-01,2 ROOM,218000.00,29
2018-12-01,2 ROOM,220000.00,20
2019-01-01,2 ROOM,236000.00,18
2019-02-01,2 ROOM,225000.00,25
2019-03-01,2 ROOM,225000.00,31
2019-04-01,2 ROOM,232500.00,26
2019-05-01,2 ROOM,229000.00,32
2019-06-01,2 ROOM,225000.00,30
2019-07-01,2 ROOM,227000.00,47
2019-08-01,2 ROOM,225500.00,44
2019-09-01,2 ROOM,226500.00,42
2019-10-01,2 ROOM,225500.00,42
2019-11-01,2 ROOM,220000.00,43
2019-12-01,2 ROOM,225500.00,34
2020-01-01,2 ROOM,225750.00,34
2020-02-01,2 ROOM,231000.00,38
2020-03-01,2 ROOM,234500.00,50
2020-04-01,2 ROOM,237500.00,4
2020-05-01,2 ROOM,214000.00,8
2020-06-01,2 ROOM,228000.00,45
2020-07-01,2 ROOM,225000.00,62
2020-08-01,2 ROOM,221500.00,42
2020-09-01,2 ROOM,233500.00,38
2020-10-01,2 ROOM,235500.00,40
2020-11-01,2 ROOM,239800.00,27
2020-12-01,2 ROOM,241000.00,30
2021-01-01,2 ROOM,245000.00,38
2021-02-01,2 ROOM,259000.00,32
2021-03-01,2 ROOM,257000.00,28
2021-04-01,2 ROOM,250000.00,35
2021-05-01,2 ROOM,267500.00,26
2021-06-01,2 ROOM,243000.00,29
2021-07-01,2 ROOM,256000.00,31
2021-08-01,2 ROOM,270000.00,28
2021-09-01,2 ROOM,271000.00,42
2021-10-01,2 ROOM,272000.00,29
2021-11-01,2 ROOM,281000.00,34
2021-12-01,2 ROOM,280000.00,33
2022-01-01,2 ROOM,280000.00,36
2022-02-01,2 ROOM,283750.00,32
2022-03-01,2 ROOM,280000.00,32
2022-04-01,2 ROOM,285000.00,31
2022-05-01,2 ROOM,286500.00,32
2022-06-01,2 ROOM,298000.00,37
2022-07-01,2 ROOM,302500.00,34
2022-08-01,2 ROOM,298000.00,47
2022-09-01,2 ROOM,307500.00,48
2022-10-01,2 ROOM,316500.00,30
2022-11-01,2 ROOM,310000.00,44
2022-12-01,2 ROOM,305888.00,53
2023-01-01,2 ROOM,321500.00,68
2023-02-01,2 ROOM,318888.00,53
2023-03-01,2 ROOM,315000.00,56
2023-04-01,2 ROOM,322444.00,50
2023-05-01,2 ROOM,319000.00,48
2023-06-01,2 ROOM,330000.00,48
2023-07-01,2 ROOM,325000.00,47
2023-08-01,2 ROOM,322000.00,74
2023-09-01,2 ROOM,323000.00,61
2023-10-01,2 ROOM,320000.00,63
2023-11-01,2 ROOM,326500.00,54
2023-12-01,2 ROOM,331500.00,66
2024-01-01,2 ROOM,330000.00,79
2024-02-01,2 ROOM,335000.00,63
2024-03-01,2 ROOM,335000.00,59
2024-04-01,2 ROOM,335288.00,75
2024-05-01,2 ROOM,330000.00,61
2024-06-01,2 ROOM,338888.00,77
2024-07-01,2 ROOM,340000.00,87
2024-08-01,2 ROOM,350000.00,76
2024-09-01,2 ROOM,353500.00,60
2024-10-01,2 ROOM,352500.00,50
2024-11-01,2 ROOM,355000.00,51
2024-12-01,2 ROOM,356944.00,60
2025-01-01,2 ROOM,358944.00,68
2025-02-01,2 ROOM,360000.00,81
2025-03-01,2 ROOM,370000.00,61
2025-04-01,2 ROOM,360000.00,81
2025-05-01,2 ROOM,360000.00,68
2025-06-01,2 ROOM,370000.00,92
2025-07-01,2 ROOM,375000.00,89
2025-08-01,2 ROOM,375000.00,65
2025-09-01,2 ROOM,379500.00,62
2025-10-01,2 ROOM,360000.00,46
2025-11-01,2 ROOM,365000.00,58
2025-12-01,2 ROOM,380000.00,61
2026-01-01,2 ROOM,372000.00,71
2026-02-01,2 ROOM,376000.00,51
2026-03-01,2 ROOM,370000.00,66
2026-04-01,2 ROOM,378000.00,51
2026-05-01,2 ROOM,379000.00,66
2026-06-01,2 ROOM,378000.00,76
2026-07-01,2 ROOM,372000.00,85
2017-01-01,3 ROOM,305000.00,332
2017-02-01,3 ROOM,305000.00,262
2017-03-01,3 ROOM,306000.00,492
2017-04-01,3 ROOM,305000.00,463
2017-05-01,3 ROOM,305000.00,504
2017-06-01,3 ROOM,308000.00,418
2017-07-01,3 ROOM,300000.00,433
2017-08-01,3 ROOM,300000.00,482
2017-09-01,3 ROOM,300000.00,359
2017-10-01,3 ROOM,300000.00,460
2017-11-01,3 ROOM,298000.00,483
2017-12-01,3 ROOM,292000.00,359
2018-01-01,3 ROOM,295000.00,261
2018-02-01,3 ROOM,289000.00,275
2018-03-01,3 ROOM,295000.00,407
2018-04-01,3 ROOM,293650.00,438
2018-05-01,3 ROOM,293675.00,386
2018-06-01,3 ROOM,293000.00,473
2018-07-01,3 ROOM,293000.00,582
2018-08-01,3 ROOM,290000.00,492
2018-09-01,3 ROOM,285000.00,490
2018-10-01,3 ROOM,290000.00,506
2018-11-01,3 ROOM,288000.00,452
2018-12-01,3 ROOM,285000.00,357
2019-01-01,3 ROOM,285000.00,393
2019-02-01,3 ROOM,283000.00,330
2019-03-01,3 ROOM,280000.00,406
2019-04-01,3 ROOM,280000.00,454
2019-05-01,3 ROOM,280000.00,494
2019-06-01,3 ROOM,280000.00,452
2019-07-01,3 ROOM,281500.00,502
2019-08-01,3 ROOM,288000.00,440
2019-09-01,3 ROOM,280000.00,467
2019-10-01,3 ROOM,285000.00,561
2019-11-01,3 ROOM,285888.00,449
2019-12-01,3 ROOM,285000.00,475
2020-01-01,3 ROOM,290000.00,453
2020-02-01,3 ROOM,290000.00,366
2020-03-01,3 ROOM,280000.00,458
2020-04-01,3 ROOM,278000.00,95
2020-05-01,3 ROOM,282000.00,85
2020-06-01,3 ROOM,285000.00,639
2020-07-01,3 ROOM,285000.00,614
2020-08-01,3 ROOM,293000.00,563
2020-09-01,3 ROOM,298500.00,548
2020-10-01,3 ROOM,308444.00,504
2020-11-01,3 ROOM,310000.00,512
2020-12-01,3 ROOM,305000.00,547
2021-01-01,3 ROOM,317000.00,532
2021-02-01,3 ROOM,320000.00,466
2021-03-01,3 ROOM,320000.00,559
2021-04-01,3 ROOM,325000.00,462
2021-05-01,3 ROOM,335000.00,408
2021-06-01,3 ROOM,328500.00,470
2021-07-01,3 ROOM,330000.00,584
2021-08-01,3 ROOM,338000.00,577
2021-09-01,3 ROOM,340000.00,534
2021-10-01,3 ROOM,345000.00,589
2021-11-01,3 ROOM,350000.00,550
2021-12-01,3 ROOM,350000.00,535
2022-01-01,3 ROOM,360000.00,585
2022-02-01,3 ROOM,350000.00,435
2022-03-01,3 ROOM,360000.00,545
2022-04-01,3 ROOM,360000.00,492
2022-05-01,3 ROOM,370000.00,526
2022-06-01,3 ROOM,369500.00,472
2022-07-01,3 ROOM,369000.00,555
2022-08-01,3 ROOM,370000.00,570
2022-09-01,3 ROOM,370000.00,598
2022-10-01,3 ROOM,380000.00,461
2022-11-01,3 ROOM,385000.00,533
2022-12-01,3 ROOM,380000.00,563
2023-01-01,3 ROOM,390000.00,674
2023-02-01,3 ROOM,382944.00,490
2023-03-01,3 ROOM,390000.00,579
2023-04-01,3 ROOM,388888.00,490
2023-05-01,3 ROOM,384500.00,540
2023-06-01,3 ROOM,392000.00,420
2023-07-01,3 ROOM,395000.00,476
2023-08-01,3 ROOM,390000.00,627
2023-09-01,3 ROOM,390000.00,491
2023-10-01,3 ROOM,390000.00,535
2023-11-01,3 ROOM,400000.00,529
2023-12-01,3 ROOM,395000.00,504
2024-01-01,3 ROOM,400000.00,612
2024-02-01,3 ROOM,405000.00,528
2024-03-01,3 ROOM,405000.00,488
2024-04-01,3 ROOM,410000.00,584
2024-05-01,3 ROOM,405000.00,647
2024-06-01,3 ROOM,418000.00,519
2024-07-01,3 ROOM,420000.00,733
2024-08-01,3 ROOM,420000.00,619
2024-09-01,3 ROOM,425000.00,551
2024-10-01,3 ROOM,426000.00,563
2024-11-01,3 ROOM,430000.00,435
2024-12-01,3 ROOM,434444.00,514
2025-01-01,3 ROOM,438888.00,570
2025-02-01,3 ROOM,441500.00,536
2025-03-01,3 ROOM,440000.00,489
2025-04-01,3 ROOM,445000.00,570
2025-05-01,3 ROOM,450000.00,540
2025-06-01,3 ROOM,450000.00,566
2025-07-01,3 ROOM,460000.00,593
2025-08-01,3 ROOM,448000.00,555
2025-09-01,3 ROOM,438944.00,474
2025-10-01,3 ROOM,445000.00,343
2025-11-01,3 ROOM,450000.00,428
2025-12-01,3 ROOM,440000.00,486
2026-01-01,3 ROOM,450000.00,547
2026-02-01,3 ROOM,435000.00,392
2026-03-01,3 ROOM,445888.00,495
2026-04-01,3 ROOM,444000.00,482
2026-05-01,3 ROOM,436900.00,504
2026-06-01,3 ROOM,445000.00,507
2026-07-01,3 ROOM,430281.50,578
2017-01-01,4 ROOM,410000.00,500
2017-02-01,4 ROOM,408000.00,430
2017-03-01,4 ROOM,418000.00,795
2017-04-01,4 ROOM,400000.00,804
2017-05-01,4 ROOM,408000.00,825
2017-06-01,4 ROOM,408000.00,737
2017-07-01,4 ROOM,400004.00,764
2017-08-01,4 ROOM,414000.00,794
2017-09-01,4 ROOM,410000.00,748
2017-10-01,4 ROOM,400000.00,739
2017-11-01,4 ROOM,407000.00,825
2017-12-01,4 ROOM,405000.00,643
2018-01-01,4 ROOM,410000.00,427
2018-02-01,4 ROOM,400000.00,494
2018-03-01,4 ROOM,410000.00,763
2018-04-01,4 ROOM,405000.00,734
2018-05-01,4 ROOM,400000.00,695
2018-06-01,4 ROOM,405000.00,779
2018-07-01,4 ROOM,405000.00,1008
2018-08-01,4 ROOM,400000.00,840
2018-09-01,4 ROOM,400000.00,798
2018-10-01,4 ROOM,396000.00,840
2018-11-01,4 ROOM,395000.00,794
2018-12-01,4 ROOM,395000.00,597
2019-01-01,4 ROOM,395000.00,650
2019-02-01,4 ROOM,393888.00,543
2019-03-01,4 ROOM,400000.00,701
2019-04-01,4 ROOM,398500.00,828
2019-05-01,4 ROOM,395000.00,865
2019-06-01,4 ROOM,400000.00,791
2019-07-01,4 ROOM,400000.00,848
2019-08-01,4 ROOM,400000.00,804
2019-09-01,4 ROOM,397000.00,719
2019-10-01,4 ROOM,400000.00,900
2019-11-01,4 ROOM,405000.00,814
2019-12-01,4 ROOM,405000.00,765
2020-01-01,4 ROOM,395000.00,824
2020-02-01,4 ROOM,400000.00,736
2020-03-01,4 ROOM,410000.00,815
2020-04-01,4 ROOM,410000.00,174
2020-05-01,4 ROOM,422000.00,129
2020-06-01,4 ROOM,409000.00,982
2020-07-01,4 ROOM,410000.00,985
2020-08-01,4 ROOM,418000.00,974
2020-09-01,4 ROOM,420000.00,1054
2020-10-01,4 ROOM,436000.00,1008
2020-11-01,4 ROOM,430000.00,972
2020-12-01,4 ROOM,440000.00,994
2021-01-01,4 ROOM,448000.00,1046
2021-02-01,4 ROOM,448000.00,877
2021-03-01,4 ROOM,455000.00,1061
2021-04-01,4 ROOM,460000.00,1031
2021-05-01,4 ROOM,470000.00,854
2021-06-01,4 ROOM,470000.00,985
2021-07-01,4 ROOM,468000.00,1098
2021-08-01,4 ROOM,475500.00,1176
2021-09-01,4 ROOM,480000.00,1077
2021-10-01,4 ROOM,488000.00,1009
2021-11-01,4 ROOM,488000.00,1081
2021-12-01,4 ROOM,490000.00,1051
2022-01-01,4 ROOM,490000.00,1023
2022-02-01,4 ROOM,485000.00,814
2022-03-01,4 ROOM,500000.00,956
2022-04-01,4 ROOM,503000.00,987
2022-05-01,4 ROOM,510044.00,914
2022-06-01,4 ROOM,510000.00,893
2022-07-01,4 ROOM,520000.00,990
2022-08-01,4 ROOM,515000.00,952
2022-09-01,4 ROOM,523888.00,1061
2022-10-01,4 ROOM,530000.00,824
2022-11-01,4 ROOM,530000.00,900
2022-12-01,4 ROOM,530000.00,995
2023-01-01,4 ROOM,530000.00,1074
2023-02-01,4 ROOM,535000.00,770
2023-03-01,4 ROOM,544400.00,996
2023-04-01,4 ROOM,540000.00,1002
2023-05-01,4 ROOM,550000.00,1016
2023-06-01,4 ROOM,545000.00,848
2023-07-01,4 ROOM,550000.00,906
2023-08-01,4 ROOM,559444.00,1068
2023-09-01,4 ROOM,555000.00,870
2023-10-01,4 ROOM,558000.00,1006
2023-11-01,4 ROOM,560000.00,939
2023-12-01,4 ROOM,564000.00,862
2024-01-01,4 ROOM,565000.00,1159
2024-02-01,4 ROOM,570000.00,901
2024-03-01,4 ROOM,570000.00,864
2024-04-01,4 ROOM,569444.00,1036
2024-05-01,4 ROOM,580000.00,1050
2024-06-01,4 ROOM,590000.00,920
2024-07-01,4 ROOM,600000.00,1357
2024-08-01,4 ROOM,595000.00,1091
2024-09-01,4 ROOM,610000.00,925
2024-10-01,4 ROOM,618944.00,894
2024-11-01,4 ROOM,603500.00,844
2024-12-01,4 ROOM,620000.00,947
2025-01-01,4 ROOM,618000.00,1024
2025-02-01,4 ROOM,623800.00,863
2025-03-01,4 ROOM,628000.00,812
2025-04-01,4 ROOM,630888.00,997
2025-05-01,4 ROOM,630000.00,991
2025-06-01,4 ROOM,635000.00,935
2025-07-01,4 ROOM,625000.00,1124
2025-08-01,4 ROOM,627000.00,969
2025-09-01,4 ROOM,640000.00,964
2025-10-01,4 ROOM,625000.00,584
2025-11-01,4 ROOM,625888.00,731
2025-12-01,4 ROOM,631000.00,849
2026-01-01,4 ROOM,625000.00,1061
2026-02-01,4 ROOM,620000.00,725
2026-03-01,4 ROOM,633500.00,890
2026-04-01,4 ROOM,638000.00,841
2026-05-01,4 ROOM,630000.00,950
2026-06-01,4 ROOM,621000.00,915
2026-07-01,4 ROOM,625000.00,1158
2017-01-01,5 ROOM,476944.00,256
2017-02-01,5 ROOM,483500.00,274
2017-03-01,5 ROOM,477000.00,453
2017-04-01,5 ROOM,486444.00,426
2017-05-01,5 ROOM,480000.00,488
2017-06-01,5 ROOM,468000.00,414
2017-07-01,5 ROOM,468000.00,418
2017-08-01,5 ROOM,475000.00,509
2017-09-01,5 ROOM,474500.00,430
2017-10-01,5 ROOM,480000.00,418
2017-11-01,5 ROOM,485000.00,491
2017-12-01,5 ROOM,475000.00,425
2018-01-01,5 ROOM,485000.00,264
2018-02-01,5 ROOM,490000.00,286
2018-03-01,5 ROOM,485000.00,497
2018-04-01,5 ROOM,480000.00,466
2018-05-01,5 ROOM,480000.00,462
2018-06-01,5 ROOM,475000.00,534
2018-07-01,5 ROOM,471000.00,675
2018-08-01,5 ROOM,480000.00,525
2018-09-01,5 ROOM,460000.00,499
2018-10-01,5 ROOM,470000.00,484
2018-11-01,5 ROOM,465000.00,443
2018-12-01,5 ROOM,477444.00,352
2019-01-01,5 ROOM,470000.00,366
2019-02-01,5 ROOM,475000.00,312
2019-03-01,5 ROOM,488000.00,401
2019-04-01,5 ROOM,499000.00,464
2019-05-01,5 ROOM,475000.00,506
2019-06-01,5 ROOM,476500.00,472
2019-07-01,5 ROOM,484000.00,556
2019-08-01,5 ROOM,480000.00,452
2019-09-01,5 ROOM,480000.00,459
2019-10-01,5 ROOM,488000.00,535
2019-11-01,5 ROOM,490000.00,473
2019-12-01,5 ROOM,485000.00,431
2020-01-01,5 ROOM,493000.00,469
2020-02-01,5 ROOM,505000.00,407
2020-03-01,5 ROOM,500000.00,473
2020-04-01,5 ROOM,502000.00,113
2020-05-01,5 ROOM,505000.00,106
2020-06-01,5 ROOM,488000.00,588
2020-07-01,5 ROOM,508000.00,599
2020-08-01,5 ROOM,490000.00,631
2020-09-01,5 ROOM,510000.00,643
2020-10-01,5 ROOM,515000.00,640
2020-11-01,5 ROOM,525000.00,618
2020-12-01,5 ROOM,530000.00,697
2021-01-01,5 ROOM,535000.00,651
2021-02-01,5 ROOM,555000.00,619
2021-03-01,5 ROOM,548000.00,621
2021-04-01,5 ROOM,555000.00,627
2021-05-01,5 ROOM,560000.00,524
2021-06-01,5 ROOM,568000.00,623
2021-07-01,5 ROOM,575000.00,737
2021-08-01,5 ROOM,570000.00,748
2021-09-01,5 ROOM,575000.00,670
2021-10-01,5 ROOM,580000.00,679
2021-11-01,5 ROOM,590000.00,681
2021-12-01,5 ROOM,588000.00,624
2022-01-01,5 ROOM,588444.00,630
2022-02-01,5 ROOM,608000.00,475
2022-03-01,5 ROOM,600000.00,558
2022-04-01,5 ROOM,610000.00,583
2022-05-01,5 ROOM,608000.00,543
2022-06-01,5 ROOM,615000.00,576
2022-07-01,5 ROOM,630750.00,588
2022-08-01,5 ROOM,628000.00,576
2022-09-01,5 ROOM,633000.00,689
2022-10-01,5 ROOM,636000.00,507
2022-11-01,5 ROOM,635000.00,498
2022-12-01,5 ROOM,625000.00,490
2023-01-01,5 ROOM,640000.00,586
2023-02-01,5 ROOM,635000.00,408
2023-03-01,5 ROOM,640000.00,512
2023-04-01,5 ROOM,651000.00,494
2023-05-01,5 ROOM,651000.00,534
2023-06-01,5 ROOM,650000.00,439
2023-07-01,5 ROOM,655000.00,499
2023-08-01,5 ROOM,650000.00,548
2023-09-01,5 ROOM,650000.00,441
2023-10-01,5 ROOM,649444.00,466
2023-11-01,5 ROOM,655000.00,460
2023-12-01,5 ROOM,660000.00,455
2024-01-01,5 ROOM,680000.00,607
2024-02-01,5 ROOM,650000.00,492
2024-03-01,5 ROOM,668888.00,503
2024-04-01,5 ROOM,669444.00,538
2024-05-01,5 ROOM,684000.00,556
2024-06-01,5 ROOM,695000.00,509
2024-07-01,5 ROOM,690000.00,693
2024-08-01,5 ROOM,690000.00,616
2024-09-01,5 ROOM,705000.00,526
2024-10-01,5 ROOM,705000.00,494
2024-11-01,5 ROOM,718000.00,474
2024-12-01,5 ROOM,720000.00,461
2025-01-01,5 ROOM,715888.00,525
2025-02-01,5 ROOM,728000.00,480
2025-03-01,5 ROOM,735000.00,431
2025-04-01,5 ROOM,741500.00,508
2025-05-01,5 ROOM,738888.00,535
2025-06-01,5 ROOM,728888.00,521
2025-07-01,5 ROOM,740000.00,584
2025-08-01,5 ROOM,735000.00,491
2025-09-01,5 ROOM,749444.00,532
2025-10-01,5 ROOM,740000.00,304
2025-11-01,5 ROOM,748000.00,357
2025-12-01,5 ROOM,738000.00,513
2026-01-01,5 ROOM,745000.00,505
2026-02-01,5 ROOM,750000.00,386
2026-03-01,5 ROOM,750000.00,485
2026-04-01,5 ROOM,735000.00,438
2026-05-01,5 ROOM,740000.00,484
2026-06-01,5 ROOM,738000.00,497
2026-07-01,5 ROOM,730000.00,675
2017-01-01,EXECUTIVE,600000.00,79
2017-02-01,EXECUTIVE,587000.00,104
2017-03-01,EXECUTIVE,600000.00,145
2017-04-01,EXECUTIVE,592000.00,127
2017-05-01,EXECUTIVE,587500.00,144
2017-06-01,EXECUTIVE,610000.00,154
2017-07-01,EXECUTIVE,605000.00,139
2017-08-01,EXECUTIVE,620000.00,152
2017-09-01,EXECUTIVE,611500.00,126
2017-10-01,EXECUTIVE,590000.00,159
2017-11-01,EXECUTIVE,605000.00,153
2017-12-01,EXECUTIVE,603500.00,142
2018-01-01,EXECUTIVE,628000.00,105
2018-02-01,EXECUTIVE,605000.00,113
2018-03-01,EXECUTIVE,585000.00,191
2018-04-01,EXECUTIVE,610000.00,178
2018-05-01,EXECUTIVE,628000.00,172
2018-06-01,EXECUTIVE,590000.00,154
2018-07-01,EXECUTIVE,615000.00,242
2018-08-01,EXECUTIVE,630000.00,172
2018-09-01,EXECUTIVE,618000.00,173
2018-10-01,EXECUTIVE,606500.00,134
2018-11-01,EXECUTIVE,620000.00,145
2018-12-01,EXECUTIVE,600000.00,97
2019-01-01,EXECUTIVE,600000.00,122
2019-02-01,EXECUTIVE,600000.00,91
2019-03-01,EXECUTIVE,600888.00,111
2019-04-01,EXECUTIVE,585000.00,141
2019-05-01,EXECUTIVE,593500.00,168
2019-06-01,EXECUTIVE,585000.00,136
2019-07-01,EXECUTIVE,597500.00,158
2019-08-01,EXECUTIVE,571900.00,160
2019-09-01,EXECUTIVE,605500.00,142
2019-10-01,EXECUTIVE,602888.00,167
2019-11-01,EXECUTIVE,612000.00,130
2019-12-01,EXECUTIVE,590000.00,143
2020-01-01,EXECUTIVE,590000.00,131
2020-02-01,EXECUTIVE,606500.00,113
2020-03-01,EXECUTIVE,612000.00,139
2020-04-01,EXECUTIVE,587500.00,38
2020-05-01,EXECUTIVE,575000.00,34
2020-06-01,EXECUTIVE,581500.00,182
2020-07-01,EXECUTIVE,580000.00,193
2020-08-01,EXECUTIVE,615000.00,215
2020-09-01,EXECUTIVE,620000.00,197
2020-10-01,EXECUTIVE,632500.00,232
2020-11-01,EXECUTIVE,630000.00,190
2020-12-01,EXECUTIVE,650000.00,218
2021-01-01,EXECUTIVE,655000.00,222
2021-02-01,EXECUTIVE,660444.00,162
2021-03-01,EXECUTIVE,674000.00,170
2021-04-01,EXECUTIVE,690000.00,175
2021-05-01,EXECUTIVE,660000.00,143
2021-06-01,EXECUTIVE,685000.00,191
2021-07-01,EXECUTIVE,676500.00,208
2021-08-01,EXECUTIVE,690000.00,210
2021-09-01,EXECUTIVE,718000.00,192
2021-10-01,EXECUTIVE,700000.00,190
2021-11-01,EXECUTIVE,710000.00,219
2021-12-01,EXECUTIVE,720000.00,177
2022-01-01,EXECUTIVE,720000.00,167
2022-02-01,EXECUTIVE,777000.00,136
2022-03-01,EXECUTIVE,718444.00,168
2022-04-01,EXECUTIVE,740000.00,169
2022-05-01,EXECUTIVE,745000.00,135
2022-06-01,EXECUTIVE,755000.00,156
2022-07-01,EXECUTIVE,780000.00,191
2022-08-01,EXECUTIVE,780000.00,164
2022-09-01,EXECUTIVE,798000.00,181
2022-10-01,EXECUTIVE,758000.00,134
2022-11-01,EXECUTIVE,779000.00,152
2022-12-01,EXECUTIVE,789000.00,132
2023-01-01,EXECUTIVE,780000.00,148
2023-02-01,EXECUTIVE,797500.00,116
2023-03-01,EXECUTIVE,809000.00,133
2023-04-01,EXECUTIVE,819000.00,140
2023-05-01,EXECUTIVE,822500.00,106
2023-06-01,EXECUTIVE,808000.00,97
2023-07-01,EXECUTIVE,822500.00,124
2023-08-01,EXECUTIVE,829000.00,150
2023-09-01,EXECUTIVE,820000.00,111
2023-10-01,EXECUTIVE,840000.00,117
2023-11-01,EXECUTIVE,820888.00,145
2023-12-01,EXECUTIVE,796500.00,116
2024-01-01,EXECUTIVE,840000.00,164
2024-02-01,EXECUTIVE,825000.00,137
2024-03-01,EXECUTIVE,830000.00,129
2024-04-01,EXECUTIVE,858000.00,135
2024-05-01,EXECUTIVE,840000.00,175
2024-06-01,EXECUTIVE,868000.00,145
2024-07-01,EXECUTIVE,860000.00,165
2024-08-01,EXECUTIVE,869500.00,188
2024-09-01,EXECUTIVE,864044.00,142
2024-10-01,EXECUTIVE,897500.00,138
2024-11-01,EXECUTIVE,855000.00,121
2024-12-01,EXECUTIVE,874944.00,128
2025-01-01,EXECUTIVE,869444.00,126
2025-02-01,EXECUTIVE,900000.00,130
2025-03-01,EXECUTIVE,881400.00,106
2025-04-01,EXECUTIVE,920000.00,139
2025-05-01,EXECUTIVE,950444.00,130
2025-06-01,EXECUTIVE,888000.00,145
2025-07-01,EXECUTIVE,905000.00,171
2025-08-01,EXECUTIVE,880000.00,122
2025-09-01,EXECUTIVE,915000.00,142
2025-10-01,EXECUTIVE,870000.00,60
2025-11-01,EXECUTIVE,931500.00,84
2025-12-01,EXECUTIVE,935000.00,115
2026-01-01,EXECUTIVE,890000.00,153
2026-02-01,EXECUTIVE,900000.00,107
2026-03-01,EXECUTIVE,910000.00,106
2026-04-01,EXECUTIVE,925000.00,121
2026-05-01,EXECUTIVE,928888.00,123
2026-06-01,EXECUTIVE,910444.00,132
2026-07-01,EXECUTIVE,900000.00,158
2017-09-01,MULTI-GENERATION,700000.00,1
2017-11-01,MULTI-GENERATION,802500.00,2
2017-12-01,MULTI-GENERATION,830000.00,1
2018-04-01,MULTI-GENERATION,728888.00,1
2018-05-01,MULTI-GENERATION,850000.00,1
2018-06-01,MULTI-GENERATION,765000.00,1
2018-07-01,MULTI-GENERATION,770000.00,1
2018-08-01,MULTI-GENERATION,803000.00,2
2018-09-01,MULTI-GENERATION,802500.00,2
2018-10-01,MULTI-GENERATION,825000.00,6
2018-11-01,MULTI-GENERATION,750000.00,1
2019-02-01,MULTI-GENERATION,840000.00,1
2019-04-01,MULTI-GENERATION,740000.00,1
2019-05-01,MULTI-GENERATION,784000.00,2
2019-06-01,MULTI-GENERATION,840000.00,3
2019-07-01,MULTI-GENERATION,766000.00,3
2019-08-01,MULTI-GENERATION,764444.00,2
2019-10-01,MULTI-GENERATION,905000.00,1
2019-11-01,MULTI-GENERATION,988888.00,1
2020-07-01,MULTI-GENERATION,775000.00,1
2020-08-01,MULTI-GENERATION,725000.00,1
2020-09-01,MULTI-GENERATION,742500.00,2
2020-10-01,MULTI-GENERATION,780000.00,3
2020-11-01,MULTI-GENERATION,730000.00,1
2021-01-01,MULTI-GENERATION,860000.00,1
2021-02-01,MULTI-GENERATION,780000.00,2
2021-03-01,MULTI-GENERATION,860000.00,2
2021-04-01,MULTI-GENERATION,647500.00,2
2021-05-01,MULTI-GENERATION,820000.00,1
2021-06-01,MULTI-GENERATION,920000.00,3
2021-09-01,MULTI-GENERATION,955000.00,1
2021-10-01,MULTI-GENERATION,815000.00,3
2021-11-01,MULTI-GENERATION,838000.00,1
2021-12-01,MULTI-GENERATION,857500.00,2
2022-01-01,MULTI-GENERATION,785000.00,1
2022-02-01,MULTI-GENERATION,842000.00,3
2022-03-01,MULTI-GENERATION,848000.00,1
2022-05-01,MULTI-GENERATION,915000.00,2
2022-09-01,MULTI-GENERATION,880000.00,1
2022-10-01,MULTI-GENERATION,1021250.00,2
2022-11-01,MULTI-GENERATION,871500.00,2
2023-01-01,MULTI-GENERATION,1080000.00,1
2023-06-01,MULTI-GENERATION,935000.00,1
2023-12-01,MULTI-GENERATION,975000.00,1
2024-02-01,MULTI-GENERATION,989000.00,2
2024-03-01,MULTI-GENERATION,1130000.00,2
2024-06-01,MULTI-GENERATION,1028000.00,1
2024-11-01,MULTI-GENERATION,1028000.00,1
2025-04-01,MULTI-GENERATION,1170000.00,1
2025-05-01,MULTI-GENERATION,1166944.00,2
2025-07-01,MULTI-GENERATION,1095000.00,1
2026-01-01,MULTI-GENERATION,1100000.00,1
2026-05-01,MULTI-GENERATION,1120000.00,1
2026-07-01,MULTI-GENERATION,1162500.00,2
